{"cameraMode":{"drawMode":0,"name":"Shaded","section":"Shading Mode"},"sceneLighting":false,"audioPlay":false,"sceneViewState":{"m_AlwaysRefresh":false,"showFog":true,"showSkybox":false,"showFlares":true,"showImageEffects":true,"showParticleSystems":true,"showVisualEffectGraphs":true,"m_FxEnabled":true},"in2DMode":false,"pivot":{"x":-0.17055535316467286,"y":0.4280283451080322,"z":0.08706116676330567},"rotation":{"x":-0.22583241760730744,"y":-0.3659253716468811,"z":0.0919589176774025,"w":-0.8981701135635376},"size":1.6056233644485474,"orthographic":true}