{"cameraMode":{"drawMode":0,"name":"Shaded","section":"Shading Mode"},"sceneLighting":false,"audioPlay":false,"sceneViewState":{"m_AlwaysRefresh":false,"showFog":true,"showSkybox":false,"showFlares":true,"showImageEffects":true,"showParticleSystems":true,"showVisualEffectGraphs":true,"m_FxEnabled":true},"in2DMode":false,"pivot":{"x":0.7540695667266846,"y":4.311972618103027,"z":13.042485237121582},"rotation":{"x":0.16155888140201569,"y":-0.2343931794166565,"z":0.03953574597835541,"w":0.9578098058700562},"size":0.8660253882408142,"orthographic":false}