{"cameraMode":{"drawMode":0,"name":"Shaded","section":"Shading Mode"},"sceneLighting":false,"audioPlay":false,"sceneViewState":{"m_AlwaysRefresh":false,"showFog":true,"showSkybox":false,"showFlares":true,"showImageEffects":true,"showParticleSystems":true,"showVisualEffectGraphs":true,"m_FxEnabled":true},"in2DMode":false,"pivot":{"x":-1.4220105409622193,"y":1.1537227630615235,"z":-2.0461649894714357},"rotation":{"x":0.12258313596248627,"y":-0.8505839109420776,"z":0.22773347795009614,"w":0.45784613490104678},"size":2.2231340408325197,"orthographic":false}